customer_index,features
1,"윙즈(와이파이 확장기)이용 고객, 기가인터넷 사용 고객, 와이파이 접속 기기 대수 많은 고객"
2,"기가인터넷 사용 고객, 와이파이 접속 기기 대수 많은 고객, sk브로드밴드 와이파이 공유기 사용 고객"
4,"와이파이 데이터 송신량 많은 고객, 기가인터넷 사용 고객, sk브로드밴드 와이파이 공유기 사용 고객"
5,"와이파이 접속 기기 대수 많은 고객, 기가인터넷 사용 고객, sk브로드밴드 와이파이 공유기 사용 고객"
6,"와이파이 접속 기기 대수 많은 고객, 기가인터넷 사용 고객, sk브로드밴드 와이파이 공유기 사용 고객"
7,재약정 이력이 있는 고객
8,"와이파이 데이터 송신량 많은 고객, sk브로드밴드 와이파이 공유기 사용 고객"
9,"sk 브로드밴드 장기고객, 와이파이 데이터 수신량이 많은 고객, 기가인터넷 사용 고객"
10,"기가인터넷 사용 고객, 와이파이 접속 기기 대수 많은 고객, sk브로드밴드 와이파이 공유기 사용 고객"
11,"기가인터넷 사용 고객, 와이파이 데이터 수신량이 많은 고객, sk브로드밴드 와이파이 공유기 사용 고객"
12,"sk 브로드밴드 장기고객, 와이파이 데이터 수신량이 많은 고객, 기가인터넷 사용 고객"
13,"윙즈(와이파이 확장기)이용 고객, 와이파이 데이터 수신량이 많은 고객, 기가인터넷 사용 고객"
14,기가인터넷 사용 고객
15,"와이파이 데이터 수신량이 많은 고객, 기가인터넷 사용 고객, sk브로드밴드 와이파이 공유기 사용 고객"
16,sk브로드밴드 와이파이 공유기 사용 고객
17,"와이파이 데이터 송신량 많은 고객, 기가인터넷 사용 고객, sk브로드밴드 와이파이 공유기 사용 고객"
18,"와이파이 접속 기기 대수 많은 고객, sk브로드밴드 와이파이 공유기 사용 고객"
19,"와이파이 접속 기기 대수 많은 고객, sk브로드밴드 와이파이 공유기 사용 고객"
21,"기가인터넷 사용 고객, 와이파이 접속 기기 대수 많은 고객, sk브로드밴드 와이파이 공유기 사용 고객"
22,"sk 브로드밴드 장기고객, 기가인터넷 사용 고객, 와이파이 접속 기기 대수 많은 고객"
23,"재약정 이력이 있는 고객, 와이파이 접속 기기 대수 많은 고객, sk브로드밴드 와이파이 공유기 사용 고객"
24,"와이파이 데이터 수신량이 많은 고객, sk브로드밴드 와이파이 공유기 사용 고객"
25,"기가인터넷 사용 고객, 와이파이 접속 기기 대수 많은 고객, sk브로드밴드 와이파이 공유기 사용 고객"
26,"와이파이 데이터 수신량이 많은 고객, sk브로드밴드 와이파이 공유기 사용 고객"
27,sk브로드밴드 와이파이 공유기 사용 고객
28,"와이파이 접속 기기 대수 많은 고객, sk 브로드밴드 장기고객, sk브로드밴드 와이파이 공유기 사용 고객"
29,"재약정 이력이 있는 고객, sk 브로드밴드 장기고객"
30,"기가인터넷 사용 고객, 와이파이 접속 기기 대수 많은 고객, sk브로드밴드 와이파이 공유기 사용 고객"
31,"기가인터넷 사용 고객, sk 브로드밴드 장기고객, sk브로드밴드 와이파이 공유기 사용 고객"
32,"sk 브로드밴드 장기고객, 기가인터넷 사용 고객, 와이파이 데이터 수신량이 많은 고객"
33,"sk 브로드밴드 장기고객, 기가인터넷 사용 고객, 와이파이 데이터 송신량 많은 고객"
34,"sk 브로드밴드 장기고객, 기가인터넷 사용 고객, 와이파이 접속 기기 대수 많은 고객"
35,"sk 브로드밴드 장기고객, 기가인터넷 사용 고객, sk브로드밴드 와이파이 공유기 사용 고객"
36,"기가인터넷 사용 고객, sk브로드밴드 와이파이 공유기 사용 고객"
37,"기가인터넷 사용 고객, sk브로드밴드 와이파이 공유기 사용 고객"
38,"재약정 이력이 있는 고객, 기가인터넷 사용 고객, 와이파이 데이터 수신량이 많은 고객"
39,"기가인터넷 사용 고객, sk브로드밴드 와이파이 공유기 사용 고객"
40,"와이파이 접속 기기 대수 많은 고객, sk브로드밴드 와이파이 공유기 사용 고객"
41,"sk 브로드밴드 장기고객, 재약정 이력이 있는 고객, 와이파이 접속 기기 대수 많은 고객"
42,"기가인터넷 사용 고객, 와이파이 접속 기기 대수 많은 고객, sk브로드밴드 와이파이 공유기 사용 고객"
43,"와이파이 데이터 송신량 많은 고객, 기가인터넷 사용 고객, sk브로드밴드 와이파이 공유기 사용 고객"
44,"재약정 이력이 있는 고객, sk 브로드밴드 장기고객, 기가인터넷 사용 고객"
45,"기가인터넷 사용 고객, sk브로드밴드 와이파이 공유기 사용 고객"
46,"sk 브로드밴드 장기고객, 재약정 이력이 있는 고객"
47,"재약정 이력이 있는 고객, sk 브로드밴드 장기고객, 와이파이 데이터 송신량 많은 고객"
48,"와이파이 데이터 수신량이 많은 고객, sk 브로드밴드 장기고객, 기가인터넷 사용 고객"
49,"기가인터넷 사용 고객, 와이파이 접속 기기 대수 많은 고객, sk브로드밴드 와이파이 공유기 사용 고객"
50,"기가인터넷 사용 고객, 와이파이 데이터 수신량이 많은 고객, sk브로드밴드 와이파이 공유기 사용 고객"
51,"기가인터넷 사용 고객, sk브로드밴드 와이파이 공유기 사용 고객"
52,"sk 브로드밴드 장기고객, 기가인터넷 사용 고객, sk브로드밴드 와이파이 공유기 사용 고객"
53,"재약정 이력이 있는 고객, sk 브로드밴드 장기고객, 와이파이 데이터 송신량 많은 고객"
54,"기가인터넷 사용 고객, 와이파이 접속 기기 대수 많은 고객, sk브로드밴드 와이파이 공유기 사용 고객"
55,"와이파이 데이터 수신량이 많은 고객, 기가인터넷 사용 고객, sk브로드밴드 와이파이 공유기 사용 고객"
56,"와이파이 데이터 송신량 많은 고객, 기가인터넷 사용 고객, sk브로드밴드 와이파이 공유기 사용 고객"
57,"기가인터넷 사용 고객, 와이파이 데이터 송신량 많은 고객, sk브로드밴드 와이파이 공유기 사용 고객"
58,"sk 브로드밴드 장기고객, 기가인터넷 사용 고객, sk브로드밴드 와이파이 공유기 사용 고객"
59,"재약정 이력이 있는 고객, sk 브로드밴드 장기고객, 와이파이 접속 기기 대수 많은 고객"
60,기가인터넷 사용 고객
61,"기가인터넷 사용 고객, 와이파이 접속 기기 대수 많은 고객, sk브로드밴드 와이파이 공유기 사용 고객"
62,"와이파이 데이터 송신량 많은 고객, sk브로드밴드 와이파이 공유기 사용 고객"
63,"와이파이 접속 기기 대수 많은 고객, sk브로드밴드 와이파이 공유기 사용 고객"
65,"와이파이 데이터 송신량 많은 고객, sk브로드밴드 와이파이 공유기 사용 고객"
66,"와이파이 데이터 송신량 많은 고객, sk브로드밴드 와이파이 공유기 사용 고객"
67,"기가인터넷 사용 고객, sk브로드밴드 와이파이 공유기 사용 고객"
68,"와이파이 접속 기기 대수 많은 고객, sk브로드밴드 와이파이 공유기 사용 고객"
69,"와이파이 접속 기기 대수 많은 고객, 기가인터넷 사용 고객, sk브로드밴드 와이파이 공유기 사용 고객"
70,"기가인터넷 사용 고객, sk브로드밴드 와이파이 공유기 사용 고객"
71,"와이파이 데이터 송신량 많은 고객, sk브로드밴드 와이파이 공유기 사용 고객"
72,"sk 브로드밴드 장기고객, 기가인터넷 사용 고객, 와이파이 데이터 송신량 많은 고객"
73,"와이파이 데이터 수신량이 많은 고객, sk브로드밴드 와이파이 공유기 사용 고객"
74,"와이파이 데이터 수신량이 많은 고객, 기가인터넷 사용 고객, sk브로드밴드 와이파이 공유기 사용 고객"
75,"와이파이 데이터 수신량이 많은 고객, 기가인터넷 사용 고객, sk브로드밴드 와이파이 공유기 사용 고객"
76,"기가인터넷 사용 고객, 와이파이 데이터 송신량 많은 고객, sk브로드밴드 와이파이 공유기 사용 고객"
77,"기가인터넷 사용 고객, sk브로드밴드 와이파이 공유기 사용 고객"
78,"와이파이 데이터 송신량 많은 고객, 기가인터넷 사용 고객, sk브로드밴드 와이파이 공유기 사용 고객"
79,"윙즈(와이파이 확장기)이용 고객, sk 브로드밴드 장기고객, 와이파이 데이터 송신량 많은 고객"
80,"와이파이 데이터 수신량이 많은 고객, 기가인터넷 사용 고객, sk브로드밴드 와이파이 공유기 사용 고객"
81,"와이파이 데이터 송신량 많은 고객, sk브로드밴드 와이파이 공유기 사용 고객"
82,재약정 이력이 있는 고객
83,"기가인터넷 사용 고객, 와이파이 접속 기기 대수 많은 고객, sk브로드밴드 와이파이 공유기 사용 고객"
84,sk브로드밴드 와이파이 공유기 사용 고객
85,"기가인터넷 사용 고객, 와이파이 데이터 수신량이 많은 고객, sk브로드밴드 와이파이 공유기 사용 고객"
86,"와이파이 데이터 수신량이 많은 고객, 기가인터넷 사용 고객, sk브로드밴드 와이파이 공유기 사용 고객"
87,"와이파이 데이터 송신량 많은 고객, 기가인터넷 사용 고객, sk브로드밴드 와이파이 공유기 사용 고객"
88,"와이파이 접속 기기 대수 많은 고객, 기가인터넷 사용 고객, sk브로드밴드 와이파이 공유기 사용 고객"
89,"재약정 이력이 있는 고객, 와이파이 데이터 수신량이 많은 고객, 기가인터넷 사용 고객"
90,"재약정 이력이 있는 고객, 와이파이 데이터 송신량 많은 고객, sk 브로드밴드 장기고객"
91,"와이파이 데이터 송신량 많은 고객, sk브로드밴드 와이파이 공유기 사용 고객"
92,"와이파이 데이터 수신량이 많은 고객, sk 브로드밴드 장기고객, sk브로드밴드 와이파이 공유기 사용 고객"
93,"와이파이 데이터 송신량 많은 고객, 기가인터넷 사용 고객, sk브로드밴드 와이파이 공유기 사용 고객"
94,"와이파이 데이터 송신량 많은 고객, 기가인터넷 사용 고객, sk브로드밴드 와이파이 공유기 사용 고객"
95,"와이파이 접속 기기 대수 많은 고객, 기가인터넷 사용 고객, sk브로드밴드 와이파이 공유기 사용 고객"
96,"와이파이 데이터 수신량이 많은 고객, sk브로드밴드 와이파이 공유기 사용 고객"
97,"sk 브로드밴드 장기고객, 와이파이 데이터 수신량이 많은 고객, 기가인터넷 사용 고객"
98,"기가인터넷 사용 고객, 와이파이 접속 기기 대수 많은 고객, sk브로드밴드 와이파이 공유기 사용 고객"
99,"기가인터넷 사용 고객, 와이파이 데이터 송신량 많은 고객, sk브로드밴드 와이파이 공유기 사용 고객"
101,"윙즈(와이파이 확장기)이용 고객, 와이파이 접속 기기 대수 많은 고객, 기가인터넷 사용 고객"
102,sk브로드밴드 와이파이 공유기 사용 고객
103,"와이파이 데이터 수신량이 많은 고객, 기가인터넷 사용 고객, sk 브로드밴드 장기고객"
104,sk브로드밴드 와이파이 공유기 사용 고객
105,"와이파이 접속 기기 대수 많은 고객, 기가인터넷 사용 고객, sk브로드밴드 와이파이 공유기 사용 고객"
106,"와이파이 데이터 송신량 많은 고객, sk브로드밴드 와이파이 공유기 사용 고객"
107,"와이파이 접속 기기 대수 많은 고객, sk브로드밴드 와이파이 공유기 사용 고객"
108,"기가인터넷 사용 고객, 와이파이 접속 기기 대수 많은 고객, sk브로드밴드 와이파이 공유기 사용 고객"
109,"sk 브로드밴드 장기고객, 와이파이 데이터 송신량 많은 고객, 기가인터넷 사용 고객"
110,"와이파이 접속 기기 대수 많은 고객, sk브로드밴드 와이파이 공유기 사용 고객"
111,"sk 브로드밴드 장기고객, 와이파이 데이터 수신량이 많은 고객, 기가인터넷 사용 고객"
112,"재약정 이력이 있는 고객, 와이파이 데이터 수신량이 많은 고객, 기가인터넷 사용 고객"
113,"와이파이 데이터 송신량 많은 고객, sk브로드밴드 와이파이 공유기 사용 고객"
114,"기가인터넷 사용 고객, sk브로드밴드 와이파이 공유기 사용 고객"
115,"sk 브로드밴드 장기고객, 와이파이 데이터 수신량이 많은 고객, sk브로드밴드 와이파이 공유기 사용 고객"
116,"기가인터넷 사용 고객, 와이파이 데이터 송신량 많은 고객, sk브로드밴드 와이파이 공유기 사용 고객"
117,sk브로드밴드 와이파이 공유기 사용 고객
118,"기가인터넷 사용 고객, 와이파이 데이터 송신량 많은 고객, sk브로드밴드 와이파이 공유기 사용 고객"
119,"와이파이 접속 기기 대수 많은 고객, 기가인터넷 사용 고객, sk브로드밴드 와이파이 공유기 사용 고객"
120,"윙즈(와이파이 확장기)이용 고객, 기가인터넷 사용 고객, 와이파이 접속 기기 대수 많은 고객"
121,"와이파이 접속 기기 대수 많은 고객, sk브로드밴드 와이파이 공유기 사용 고객"
122,"sk 브로드밴드 장기고객, 기가인터넷 사용 고객, 와이파이 접속 기기 대수 많은 고객"
123,"와이파이 데이터 송신량 많은 고객, 기가인터넷 사용 고객, sk브로드밴드 와이파이 공유기 사용 고객"
124,"sk 브로드밴드 장기고객, 와이파이 데이터 수신량이 많은 고객, 기가인터넷 사용 고객"
125,"sk 브로드밴드 장기고객, 기가인터넷 사용 고객, sk브로드밴드 와이파이 공유기 사용 고객"
126,"와이파이 접속 기기 대수 많은 고객, 기가인터넷 사용 고객, sk브로드밴드 와이파이 공유기 사용 고객"
127,"와이파이 접속 기기 대수 많은 고객, sk브로드밴드 와이파이 공유기 사용 고객"
128,"sk 브로드밴드 장기고객, 와이파이 접속 기기 대수 많은 고객, 기가인터넷 사용 고객"
129,sk브로드밴드 와이파이 공유기 사용 고객
130,sk브로드밴드 와이파이 공유기 사용 고객
131,"와이파이 데이터 수신량이 많은 고객, 기가인터넷 사용 고객, sk브로드밴드 와이파이 공유기 사용 고객"
132,"기가인터넷 사용 고객, 와이파이 접속 기기 대수 많은 고객, sk브로드밴드 와이파이 공유기 사용 고객"
133,"재약정 이력이 있는 고객, sk 브로드밴드 장기고객, 와이파이 데이터 송신량 많은 고객"
134,"기가인터넷 사용 고객, sk브로드밴드 와이파이 공유기 사용 고객"
135,"sk 브로드밴드 장기고객, 기가인터넷 사용 고객, 와이파이 접속 기기 대수 많은 고객"
136,"와이파이 데이터 수신량이 많은 고객, 기가인터넷 사용 고객, sk브로드밴드 와이파이 공유기 사용 고객"
137,"sk 브로드밴드 장기고객, 와이파이 접속 기기 대수 많은 고객, 기가인터넷 사용 고객"
138,"와이파이 데이터 송신량 많은 고객, sk 브로드밴드 장기고객, 기가인터넷 사용 고객"
139,"기가인터넷 사용 고객, 와이파이 접속 기기 대수 많은 고객, sk브로드밴드 와이파이 공유기 사용 고객"
140,"sk 브로드밴드 장기고객, 기가인터넷 사용 고객, 와이파이 데이터 송신량 많은 고객"
141,"기가인터넷 사용 고객, sk브로드밴드 와이파이 공유기 사용 고객"
142,"와이파이 데이터 송신량 많은 고객, sk브로드밴드 와이파이 공유기 사용 고객"
143,"sk 브로드밴드 장기고객, 와이파이 접속 기기 대수 많은 고객, sk브로드밴드 와이파이 공유기 사용 고객"
144,"sk 브로드밴드 장기고객, 재약정 이력이 있는 고객, 와이파이 데이터 수신량이 많은 고객"
145,"기가인터넷 사용 고객, sk브로드밴드 와이파이 공유기 사용 고객"
146,"sk 브로드밴드 장기고객, 와이파이 데이터 송신량 많은 고객, 기가인터넷 사용 고객"
147,"기가인터넷 사용 고객, 와이파이 접속 기기 대수 많은 고객, sk브로드밴드 와이파이 공유기 사용 고객"
148,"기가인터넷 사용 고객, sk브로드밴드 와이파이 공유기 사용 고객"
149,"기가인터넷 사용 고객, 와이파이 접속 기기 대수 많은 고객, sk브로드밴드 와이파이 공유기 사용 고객"
150,sk브로드밴드 와이파이 공유기 사용 고객
151,"와이파이 데이터 수신량이 많은 고객, 기가인터넷 사용 고객, sk브로드밴드 와이파이 공유기 사용 고객"
152,"와이파이 데이터 송신량 많은 고객, 기가인터넷 사용 고객, sk브로드밴드 와이파이 공유기 사용 고객"
153,"sk 브로드밴드 장기고객, 재약정 이력이 있는 고객, 기가인터넷 사용 고객"
154,"와이파이 접속 기기 대수 많은 고객, sk브로드밴드 와이파이 공유기 사용 고객"
155,sk브로드밴드 와이파이 공유기 사용 고객
156,"기가인터넷 사용 고객, 와이파이 데이터 수신량이 많은 고객, sk브로드밴드 와이파이 공유기 사용 고객"
157,sk브로드밴드 와이파이 공유기 사용 고객
158,"기가인터넷 사용 고객, 와이파이 접속 기기 대수 많은 고객, sk브로드밴드 와이파이 공유기 사용 고객"
159,sk브로드밴드 와이파이 공유기 사용 고객
160,sk브로드밴드 와이파이 공유기 사용 고객
161,"윙즈(와이파이 확장기)이용 고객, 와이파이 데이터 수신량이 많은 고객, 기가인터넷 사용 고객"
162,"sk 브로드밴드 장기고객, 기가인터넷 사용 고객, sk브로드밴드 와이파이 공유기 사용 고객"
163,"기가인터넷 사용 고객, 와이파이 접속 기기 대수 많은 고객, sk브로드밴드 와이파이 공유기 사용 고객"
164,"기가인터넷 사용 고객, sk브로드밴드 와이파이 공유기 사용 고객"
165,"sk 브로드밴드 장기고객, 재약정 이력이 있는 고객, 와이파이 데이터 송신량 많은 고객"
166,"재약정 이력이 있는 고객, 와이파이 데이터 송신량 많은 고객, sk브로드밴드 와이파이 공유기 사용 고객"
167,"와이파이 데이터 송신량 많은 고객, 기가인터넷 사용 고객, sk브로드밴드 와이파이 공유기 사용 고객"
168,"와이파이 데이터 수신량이 많은 고객, sk브로드밴드 와이파이 공유기 사용 고객"
169,"재약정 이력이 있는 고객, 와이파이 데이터 송신량 많은 고객, 기가인터넷 사용 고객"
170,"와이파이 접속 기기 대수 많은 고객, sk브로드밴드 와이파이 공유기 사용 고객"
171,"sk 브로드밴드 장기고객, 와이파이 데이터 수신량이 많은 고객, 기가인터넷 사용 고객"
172,기가인터넷 사용 고객
173,"기가인터넷 사용 고객, sk 브로드밴드 장기고객, sk브로드밴드 와이파이 공유기 사용 고객"
174,"기가인터넷 사용 고객, sk브로드밴드 와이파이 공유기 사용 고객"
175,"sk 브로드밴드 장기고객, 재약정 이력이 있는 고객, 기가인터넷 사용 고객"
176,"기가인터넷 사용 고객, sk브로드밴드 와이파이 공유기 사용 고객"
177,"재약정 이력이 있는 고객, sk 브로드밴드 장기고객, 기가인터넷 사용 고객"
178,"재약정 이력이 있는 고객, sk 브로드밴드 장기고객, 와이파이 데이터 수신량이 많은 고객"
179,"재약정 이력이 있는 고객, 와이파이 데이터 송신량 많은 고객, sk브로드밴드 와이파이 공유기 사용 고객"
180,재약정 이력이 있는 고객
181,"기가인터넷 사용 고객, 와이파이 접속 기기 대수 많은 고객, sk브로드밴드 와이파이 공유기 사용 고객"
182,"기가인터넷 사용 고객, 와이파이 데이터 수신량이 많은 고객, sk브로드밴드 와이파이 공유기 사용 고객"
184,"sk 브로드밴드 장기고객, 기가인터넷 사용 고객, 와이파이 접속 기기 대수 많은 고객"
186,"sk 브로드밴드 장기고객, 와이파이 데이터 수신량이 많은 고객, 기가인터넷 사용 고객"
187,"와이파이 접속 기기 대수 많은 고객, 기가인터넷 사용 고객, sk브로드밴드 와이파이 공유기 사용 고객"
188,"와이파이 데이터 송신량 많은 고객, 기가인터넷 사용 고객, sk브로드밴드 와이파이 공유기 사용 고객"
189,"재약정 이력이 있는 고객, sk 브로드밴드 장기고객, 기가인터넷 사용 고객"
190,"와이파이 데이터 수신량이 많은 고객, sk브로드밴드 와이파이 공유기 사용 고객"
191,기가인터넷 사용 고객
192,"와이파이 데이터 송신량 많은 고객, 기가인터넷 사용 고객, sk브로드밴드 와이파이 공유기 사용 고객"
193,"기가인터넷 사용 고객, 와이파이 접속 기기 대수 많은 고객, sk브로드밴드 와이파이 공유기 사용 고객"
194,"기가인터넷 사용 고객, 와이파이 접속 기기 대수 많은 고객, sk브로드밴드 와이파이 공유기 사용 고객"
195,"와이파이 데이터 수신량이 많은 고객, sk브로드밴드 와이파이 공유기 사용 고객"
196,기가인터넷 사용 고객
198,"sk 브로드밴드 장기고객, 와이파이 접속 기기 대수 많은 고객, 기가인터넷 사용 고객"
199,"와이파이 접속 기기 대수 많은 고객, sk브로드밴드 와이파이 공유기 사용 고객"
200,"와이파이 데이터 수신량이 많은 고객, 기가인터넷 사용 고객, sk브로드밴드 와이파이 공유기 사용 고객"
201,"와이파이 데이터 수신량이 많은 고객, sk 브로드밴드 장기고객, 기가인터넷 사용 고객"
202,"재약정 이력이 있는 고객, sk 브로드밴드 장기고객, 기가인터넷 사용 고객"
203,sk브로드밴드 와이파이 공유기 사용 고객
204,재약정 이력이 있는 고객
205,"재약정 이력이 있는 고객, 와이파이 접속 기기 대수 많은 고객, 기가인터넷 사용 고객"
206,"기가인터넷 사용 고객, 와이파이 접속 기기 대수 많은 고객, sk브로드밴드 와이파이 공유기 사용 고객"
207,"sk 브로드밴드 장기고객, 와이파이 데이터 송신량 많은 고객, 기가인터넷 사용 고객"
208,"윙즈(와이파이 확장기)이용 고객, sk브로드밴드 와이파이 공유기 사용 고객"
209,"재약정 이력이 있는 고객, 기가인터넷 사용 고객, 와이파이 데이터 수신량이 많은 고객"
210,"와이파이 데이터 송신량 많은 고객, sk 브로드밴드 장기고객, 기가인터넷 사용 고객"
211,"재약정 이력이 있는 고객, sk 브로드밴드 장기고객, 기가인터넷 사용 고객"
212,"와이파이 데이터 수신량이 많은 고객, 기가인터넷 사용 고객, sk브로드밴드 와이파이 공유기 사용 고객"
213,"기가인터넷 사용 고객, sk브로드밴드 와이파이 공유기 사용 고객"
214,"와이파이 접속 기기 대수 많은 고객, sk 브로드밴드 장기고객, sk브로드밴드 와이파이 공유기 사용 고객"
215,"와이파이 접속 기기 대수 많은 고객, 기가인터넷 사용 고객, sk브로드밴드 와이파이 공유기 사용 고객"
216,"와이파이 데이터 송신량 많은 고객, 기가인터넷 사용 고객, sk브로드밴드 와이파이 공유기 사용 고객"
217,"재약정 이력이 있는 고객, sk 브로드밴드 장기고객, 기가인터넷 사용 고객"
218,"와이파이 접속 기기 대수 많은 고객, sk브로드밴드 와이파이 공유기 사용 고객"
219,"와이파이 데이터 송신량 많은 고객, 기가인터넷 사용 고객, sk브로드밴드 와이파이 공유기 사용 고객"
220,"와이파이 데이터 송신량 많은 고객, sk브로드밴드 와이파이 공유기 사용 고객"
221,"윙즈(와이파이 확장기)이용 고객, 기가인터넷 사용 고객, sk브로드밴드 와이파이 공유기 사용 고객"
222,"sk 브로드밴드 장기고객, 와이파이 접속 기기 대수 많은 고객, sk브로드밴드 와이파이 공유기 사용 고객"
223,"재약정 이력이 있는 고객, sk 브로드밴드 장기고객, 기가인터넷 사용 고객"
224,"기가인터넷 사용 고객, 와이파이 데이터 송신량 많은 고객, sk 브로드밴드 장기고객"
225,"기가인터넷 사용 고객, sk브로드밴드 와이파이 공유기 사용 고객"
226,"재약정 이력이 있는 고객, 기가인터넷 사용 고객, 와이파이 데이터 송신량 많은 고객"
227,"와이파이 데이터 수신량이 많은 고객, 기가인터넷 사용 고객, sk브로드밴드 와이파이 공유기 사용 고객"
228,"와이파이 데이터 송신량 많은 고객, 기가인터넷 사용 고객, sk브로드밴드 와이파이 공유기 사용 고객"
229,"재약정 이력이 있는 고객, sk 브로드밴드 장기고객, 와이파이 접속 기기 대수 많은 고객"
230,sk브로드밴드 와이파이 공유기 사용 고객
231,"기가인터넷 사용 고객, sk브로드밴드 와이파이 공유기 사용 고객"
232,"와이파이 데이터 송신량 많은 고객, 기가인터넷 사용 고객, sk브로드밴드 와이파이 공유기 사용 고객"
233,"재약정 이력이 있는 고객, sk 브로드밴드 장기고객, 기가인터넷 사용 고객"
234,"와이파이 데이터 송신량 많은 고객, 기가인터넷 사용 고객, sk브로드밴드 와이파이 공유기 사용 고객"
235,"와이파이 데이터 수신량이 많은 고객, 기가인터넷 사용 고객, sk브로드밴드 와이파이 공유기 사용 고객"
236,"sk 브로드밴드 장기고객, 기가인터넷 사용 고객, 와이파이 데이터 수신량이 많은 고객"
237,"sk 브로드밴드 장기고객, 재약정 이력이 있는 고객, 기가인터넷 사용 고객"
238,"기가인터넷 사용 고객, 와이파이 데이터 송신량 많은 고객, sk브로드밴드 와이파이 공유기 사용 고객"
239,기가인터넷 사용 고객
240,"기가인터넷 사용 고객, sk브로드밴드 와이파이 공유기 사용 고객"
241,"와이파이 접속 기기 대수 많은 고객, 기가인터넷 사용 고객, sk브로드밴드 와이파이 공유기 사용 고객"
242,"윙즈(와이파이 확장기)이용 고객, 와이파이 데이터 수신량이 많은 고객, 기가인터넷 사용 고객"
243,"와이파이 데이터 송신량 많은 고객, 기가인터넷 사용 고객, sk브로드밴드 와이파이 공유기 사용 고객"
244,"기가인터넷 사용 고객, sk브로드밴드 와이파이 공유기 사용 고객"
245,"와이파이 접속 기기 대수 많은 고객, sk브로드밴드 와이파이 공유기 사용 고객"
246,"기가인터넷 사용 고객, 와이파이 데이터 수신량이 많은 고객, sk브로드밴드 와이파이 공유기 사용 고객"
247,sk브로드밴드 와이파이 공유기 사용 고객
248,sk브로드밴드 와이파이 공유기 사용 고객
249,"기가인터넷 사용 고객, 와이파이 접속 기기 대수 많은 고객, sk브로드밴드 와이파이 공유기 사용 고객"
250,"기가인터넷 사용 고객, 와이파이 접속 기기 대수 많은 고객, sk브로드밴드 와이파이 공유기 사용 고객"
251,"와이파이 데이터 수신량이 많은 고객, 기가인터넷 사용 고객, sk브로드밴드 와이파이 공유기 사용 고객"
252,"sk 브로드밴드 장기고객, 와이파이 데이터 송신량 많은 고객, 기가인터넷 사용 고객"
253,"sk 브로드밴드 장기고객, 재약정 이력이 있는 고객, 와이파이 데이터 송신량 많은 고객"
254,"기가인터넷 사용 고객, sk브로드밴드 와이파이 공유기 사용 고객"
255,"기가인터넷 사용 고객, sk브로드밴드 와이파이 공유기 사용 고객"
256,"sk 브로드밴드 장기고객, 기가인터넷 사용 고객, sk브로드밴드 와이파이 공유기 사용 고객"
257,"와이파이 데이터 송신량 많은 고객, 기가인터넷 사용 고객, sk브로드밴드 와이파이 공유기 사용 고객"
258,"와이파이 접속 기기 대수 많은 고객, sk브로드밴드 와이파이 공유기 사용 고객"
259,"와이파이 데이터 송신량 많은 고객, sk브로드밴드 와이파이 공유기 사용 고객"
260,"와이파이 접속 기기 대수 많은 고객, 기가인터넷 사용 고객, sk브로드밴드 와이파이 공유기 사용 고객"
261,"윙즈(와이파이 확장기)이용 고객, 와이파이 접속 기기 대수 많은 고객, 기가인터넷 사용 고객"
262,"와이파이 접속 기기 대수 많은 고객, sk브로드밴드 와이파이 공유기 사용 고객"
263,"기가인터넷 사용 고객, sk브로드밴드 와이파이 공유기 사용 고객"
264,"sk 브로드밴드 장기고객, 와이파이 데이터 수신량이 많은 고객, sk브로드밴드 와이파이 공유기 사용 고객"
265,"와이파이 데이터 수신량이 많은 고객, 기가인터넷 사용 고객, sk브로드밴드 와이파이 공유기 사용 고객"
266,"와이파이 데이터 수신량이 많은 고객, sk 브로드밴드 장기고객, sk브로드밴드 와이파이 공유기 사용 고객"
267,"기가인터넷 사용 고객, sk브로드밴드 와이파이 공유기 사용 고객"
268,"기가인터넷 사용 고객, 와이파이 데이터 송신량 많은 고객, sk브로드밴드 와이파이 공유기 사용 고객"
269,"기가인터넷 사용 고객, sk브로드밴드 와이파이 공유기 사용 고객"
270,"윙즈(와이파이 확장기)이용 고객, 기가인터넷 사용 고객, 와이파이 데이터 수신량이 많은 고객"
271,"재약정 이력이 있는 고객, sk 브로드밴드 장기고객, 와이파이 데이터 송신량 많은 고객"
273,"와이파이 데이터 송신량 많은 고객, sk브로드밴드 와이파이 공유기 사용 고객"
274,"기가인터넷 사용 고객, sk브로드밴드 와이파이 공유기 사용 고객"
275,"기가인터넷 사용 고객, sk브로드밴드 와이파이 공유기 사용 고객"
276,"기가인터넷 사용 고객, sk브로드밴드 와이파이 공유기 사용 고객"
277,"와이파이 데이터 송신량 많은 고객, 기가인터넷 사용 고객, sk브로드밴드 와이파이 공유기 사용 고객"
278,"윙즈(와이파이 확장기)이용 고객, 기가인터넷 사용 고객, 와이파이 접속 기기 대수 많은 고객"
280,"기가인터넷 사용 고객, 와이파이 접속 기기 대수 많은 고객, sk브로드밴드 와이파이 공유기 사용 고객"
281,"재약정 이력이 있는 고객, 윙즈(와이파이 확장기)이용 고객, sk 브로드밴드 장기고객"
282,"sk 브로드밴드 장기고객, 와이파이 데이터 수신량이 많은 고객, 기가인터넷 사용 고객"
283,"기가인터넷 사용 고객, sk브로드밴드 와이파이 공유기 사용 고객"
284,"윙즈(와이파이 확장기)이용 고객, 기가인터넷 사용 고객, 와이파이 데이터 수신량이 많은 고객"
285,"재약정 이력이 있는 고객, 기가인터넷 사용 고객"
286,"기가인터넷 사용 고객, 와이파이 데이터 송신량 많은 고객, sk브로드밴드 와이파이 공유기 사용 고객"
287,"재약정 이력이 있는 고객, 와이파이 데이터 수신량이 많은 고객, 기가인터넷 사용 고객"
288,"와이파이 데이터 송신량 많은 고객, 기가인터넷 사용 고객, sk브로드밴드 와이파이 공유기 사용 고객"
289,"와이파이 접속 기기 대수 많은 고객, sk브로드밴드 와이파이 공유기 사용 고객"
290,"윙즈(와이파이 확장기)이용 고객, 재약정 이력이 있는 고객, sk 브로드밴드 장기고객"
291,"재약정 이력이 있는 고객, 기가인터넷 사용 고객, sk브로드밴드 와이파이 공유기 사용 고객"
292,"재약정 이력이 있는 고객, 와이파이 데이터 송신량 많은 고객, 기가인터넷 사용 고객"
293,"와이파이 접속 기기 대수 많은 고객, sk브로드밴드 와이파이 공유기 사용 고객"
294,"sk 브로드밴드 장기고객, 재약정 이력이 있는 고객, 기가인터넷 사용 고객"
295,"와이파이 접속 기기 대수 많은 고객, sk브로드밴드 와이파이 공유기 사용 고객"
296,"와이파이 데이터 수신량이 많은 고객, 기가인터넷 사용 고객, sk브로드밴드 와이파이 공유기 사용 고객"
297,"와이파이 접속 기기 대수 많은 고객, 기가인터넷 사용 고객, sk브로드밴드 와이파이 공유기 사용 고객"
298,"재약정 이력이 있는 고객, sk 브로드밴드 장기고객, 와이파이 데이터 수신량이 많은 고객"
299,"와이파이 데이터 송신량 많은 고객, 기가인터넷 사용 고객, sk브로드밴드 와이파이 공유기 사용 고객"
300,"sk 브로드밴드 장기고객, 와이파이 접속 기기 대수 많은 고객, 기가인터넷 사용 고객"
301,"기가인터넷 사용 고객, 와이파이 데이터 송신량 많은 고객, sk브로드밴드 와이파이 공유기 사용 고객"
302,"와이파이 데이터 송신량 많은 고객, sk브로드밴드 와이파이 공유기 사용 고객"
303,"윙즈(와이파이 확장기)이용 고객, 와이파이 데이터 송신량 많은 고객, 기가인터넷 사용 고객"
304,"기가인터넷 사용 고객, 와이파이 데이터 송신량 많은 고객, sk브로드밴드 와이파이 공유기 사용 고객"
305,"와이파이 데이터 송신량 많은 고객, sk브로드밴드 와이파이 공유기 사용 고객"
306,"와이파이 접속 기기 대수 많은 고객, sk브로드밴드 와이파이 공유기 사용 고객"
307,"와이파이 접속 기기 대수 많은 고객, 기가인터넷 사용 고객, sk브로드밴드 와이파이 공유기 사용 고객"
308,"기가인터넷 사용 고객, sk 브로드밴드 장기고객, sk브로드밴드 와이파이 공유기 사용 고객"
309,sk브로드밴드 와이파이 공유기 사용 고객
310,"윙즈(와이파이 확장기)이용 고객, 와이파이 데이터 수신량이 많은 고객, sk브로드밴드 와이파이 공유기 사용 고객"
311,"재약정 이력이 있는 고객, 와이파이 데이터 송신량 많은 고객, sk브로드밴드 와이파이 공유기 사용 고객"
312,"기가인터넷 사용 고객, 와이파이 접속 기기 대수 많은 고객, sk브로드밴드 와이파이 공유기 사용 고객"
313,"sk 브로드밴드 장기고객, 와이파이 데이터 수신량이 많은 고객, 기가인터넷 사용 고객"
314,"sk 브로드밴드 장기고객, 기가인터넷 사용 고객, sk브로드밴드 와이파이 공유기 사용 고객"
315,"기가인터넷 사용 고객, 와이파이 데이터 수신량이 많은 고객, sk브로드밴드 와이파이 공유기 사용 고객"
316,"기가인터넷 사용 고객, 와이파이 접속 기기 대수 많은 고객, sk브로드밴드 와이파이 공유기 사용 고객"
317,"기가인터넷 사용 고객, 와이파이 접속 기기 대수 많은 고객, sk브로드밴드 와이파이 공유기 사용 고객"
318,"기가인터넷 사용 고객, 와이파이 데이터 송신량 많은 고객, sk브로드밴드 와이파이 공유기 사용 고객"
319,"기가인터넷 사용 고객, sk브로드밴드 와이파이 공유기 사용 고객"
320,"와이파이 데이터 송신량 많은 고객, sk브로드밴드 와이파이 공유기 사용 고객"
321,"기가인터넷 사용 고객, 와이파이 접속 기기 대수 많은 고객, sk 브로드밴드 장기고객"
322,"sk 브로드밴드 장기고객, 와이파이 데이터 송신량 많은 고객, 기가인터넷 사용 고객"
323,"와이파이 데이터 송신량 많은 고객, 기가인터넷 사용 고객, sk브로드밴드 와이파이 공유기 사용 고객"
324,"와이파이 데이터 송신량 많은 고객, 기가인터넷 사용 고객, sk브로드밴드 와이파이 공유기 사용 고객"
325,"재약정 이력이 있는 고객, sk 브로드밴드 장기고객, 기가인터넷 사용 고객"
326,"기가인터넷 사용 고객, 와이파이 접속 기기 대수 많은 고객, sk브로드밴드 와이파이 공유기 사용 고객"
327,"기가인터넷 사용 고객, sk브로드밴드 와이파이 공유기 사용 고객"
328,"와이파이 접속 기기 대수 많은 고객, 기가인터넷 사용 고객, sk브로드밴드 와이파이 공유기 사용 고객"
329,"와이파이 데이터 송신량 많은 고객, sk브로드밴드 와이파이 공유기 사용 고객"
330,sk브로드밴드 와이파이 공유기 사용 고객
331,"와이파이 데이터 송신량 많은 고객, 기가인터넷 사용 고객, sk브로드밴드 와이파이 공유기 사용 고객"
332,"기가인터넷 사용 고객, sk브로드밴드 와이파이 공유기 사용 고객"
333,"와이파이 데이터 송신량 많은 고객, 기가인터넷 사용 고객, sk브로드밴드 와이파이 공유기 사용 고객"
334,"윙즈(와이파이 확장기)이용 고객, 기가인터넷 사용 고객, sk브로드밴드 와이파이 공유기 사용 고객"
335,"윙즈(와이파이 확장기)이용 고객, 와이파이 데이터 송신량 많은 고객, 기가인터넷 사용 고객"
336,"와이파이 접속 기기 대수 많은 고객, sk브로드밴드 와이파이 공유기 사용 고객"
337,"와이파이 접속 기기 대수 많은 고객, sk브로드밴드 와이파이 공유기 사용 고객"
338,"기가인터넷 사용 고객, sk 브로드밴드 장기고객, 와이파이 접속 기기 대수 많은 고객"
339,"sk 브로드밴드 장기고객, 기가인터넷 사용 고객, 와이파이 접속 기기 대수 많은 고객"
340,"와이파이 데이터 수신량이 많은 고객, sk 브로드밴드 장기고객, 기가인터넷 사용 고객"
341,"와이파이 데이터 송신량 많은 고객, sk브로드밴드 와이파이 공유기 사용 고객"
342,"기가인터넷 사용 고객, sk브로드밴드 와이파이 공유기 사용 고객"
343,"와이파이 데이터 송신량 많은 고객, 기가인터넷 사용 고객, sk브로드밴드 와이파이 공유기 사용 고객"
344,"기가인터넷 사용 고객, 와이파이 데이터 송신량 많은 고객, sk브로드밴드 와이파이 공유기 사용 고객"
345,"sk 브로드밴드 장기고객, 와이파이 데이터 수신량이 많은 고객, sk브로드밴드 와이파이 공유기 사용 고객"
346,"재약정 이력이 있는 고객, sk 브로드밴드 장기고객, 와이파이 데이터 수신량이 많은 고객"
347,"재약정 이력이 있는 고객, 기가인터넷 사용 고객, 와이파이 데이터 송신량 많은 고객"
348,"와이파이 데이터 송신량 많은 고객, sk브로드밴드 와이파이 공유기 사용 고객"
350,sk브로드밴드 와이파이 공유기 사용 고객
351,"와이파이 접속 기기 대수 많은 고객, sk브로드밴드 와이파이 공유기 사용 고객"
352,"sk 브로드밴드 장기고객, 와이파이 데이터 송신량 많은 고객, 기가인터넷 사용 고객"
353,"와이파이 접속 기기 대수 많은 고객, 기가인터넷 사용 고객, sk브로드밴드 와이파이 공유기 사용 고객"
354,"sk 브로드밴드 장기고객, 와이파이 접속 기기 대수 많은 고객, 기가인터넷 사용 고객"
355,"기가인터넷 사용 고객, 와이파이 접속 기기 대수 많은 고객, sk브로드밴드 와이파이 공유기 사용 고객"
356,"와이파이 데이터 수신량이 많은 고객, sk 브로드밴드 장기고객, 기가인터넷 사용 고객"
357,"와이파이 데이터 수신량이 많은 고객, sk브로드밴드 와이파이 공유기 사용 고객"
358,"기가인터넷 사용 고객, 와이파이 데이터 송신량 많은 고객, sk브로드밴드 와이파이 공유기 사용 고객"
359,"sk 브로드밴드 장기고객, 와이파이 접속 기기 대수 많은 고객, sk브로드밴드 와이파이 공유기 사용 고객"
360,"와이파이 데이터 수신량이 많은 고객, 기가인터넷 사용 고객, sk브로드밴드 와이파이 공유기 사용 고객"
361,"sk 브로드밴드 장기고객, 기가인터넷 사용 고객"
362,"기가인터넷 사용 고객, 와이파이 접속 기기 대수 많은 고객, sk브로드밴드 와이파이 공유기 사용 고객"
363,"기가인터넷 사용 고객, 와이파이 데이터 송신량 많은 고객, sk브로드밴드 와이파이 공유기 사용 고객"
364,"재약정 이력이 있는 고객, 와이파이 데이터 수신량이 많은 고객, 기가인터넷 사용 고객"
365,재약정 이력이 있는 고객
366,"와이파이 데이터 수신량이 많은 고객, 기가인터넷 사용 고객, sk 브로드밴드 장기고객"
367,기가인터넷 사용 고객
368,"기가인터넷 사용 고객, sk브로드밴드 와이파이 공유기 사용 고객"
369,"와이파이 데이터 송신량 많은 고객, 기가인터넷 사용 고객, sk브로드밴드 와이파이 공유기 사용 고객"
370,"재약정 이력이 있는 고객, 와이파이 데이터 수신량이 많은 고객, 기가인터넷 사용 고객"
371,sk브로드밴드 와이파이 공유기 사용 고객
372,"와이파이 데이터 송신량 많은 고객, sk브로드밴드 와이파이 공유기 사용 고객"
373,"기가인터넷 사용 고객, 와이파이 접속 기기 대수 많은 고객, sk브로드밴드 와이파이 공유기 사용 고객"
374,sk브로드밴드 와이파이 공유기 사용 고객
375,"재약정 이력이 있는 고객, sk 브로드밴드 장기고객, 기가인터넷 사용 고객"
376,"재약정 이력이 있는 고객, 와이파이 접속 기기 대수 많은 고객, 기가인터넷 사용 고객"
377,"와이파이 데이터 수신량이 많은 고객, 기가인터넷 사용 고객, sk브로드밴드 와이파이 공유기 사용 고객"
378,"sk 브로드밴드 장기고객, 기가인터넷 사용 고객, 와이파이 데이터 송신량 많은 고객"
379,sk브로드밴드 와이파이 공유기 사용 고객
380,"기가인터넷 사용 고객, sk브로드밴드 와이파이 공유기 사용 고객"
381,"기가인터넷 사용 고객, 와이파이 접속 기기 대수 많은 고객, sk브로드밴드 와이파이 공유기 사용 고객"
382,"sk 브로드밴드 장기고객, 재약정 이력이 있는 고객, 기가인터넷 사용 고객"
383,"와이파이 접속 기기 대수 많은 고객, 기가인터넷 사용 고객, sk브로드밴드 와이파이 공유기 사용 고객"
384,"재약정 이력이 있는 고객, sk 브로드밴드 장기고객, 기가인터넷 사용 고객"
385,"윙즈(와이파이 확장기)이용 고객, 기가인터넷 사용 고객, 와이파이 데이터 송신량 많은 고객"
386,"sk 브로드밴드 장기고객, 와이파이 접속 기기 대수 많은 고객, sk브로드밴드 와이파이 공유기 사용 고객"
387,"와이파이 접속 기기 대수 많은 고객, sk브로드밴드 와이파이 공유기 사용 고객"
388,"기가인터넷 사용 고객, 와이파이 데이터 송신량 많은 고객, sk브로드밴드 와이파이 공유기 사용 고객"
389,"와이파이 접속 기기 대수 많은 고객, 기가인터넷 사용 고객, sk브로드밴드 와이파이 공유기 사용 고객"
390,"sk 브로드밴드 장기고객, 기가인터넷 사용 고객, 와이파이 데이터 송신량 많은 고객"
391,"재약정 이력이 있는 고객, sk 브로드밴드 장기고객"
392,"재약정 이력이 있는 고객, sk 브로드밴드 장기고객, 와이파이 데이터 송신량 많은 고객"
393,"와이파이 접속 기기 대수 많은 고객, sk브로드밴드 와이파이 공유기 사용 고객"
394,"기가인터넷 사용 고객, 와이파이 데이터 송신량 많은 고객, sk브로드밴드 와이파이 공유기 사용 고객"
395,"sk 브로드밴드 장기고객, 재약정 이력이 있는 고객, 와이파이 데이터 송신량 많은 고객"
396,"기가인터넷 사용 고객, sk브로드밴드 와이파이 공유기 사용 고객"
397,"와이파이 데이터 수신량이 많은 고객, 기가인터넷 사용 고객, sk브로드밴드 와이파이 공유기 사용 고객"
398,"와이파이 데이터 수신량이 많은 고객, 기가인터넷 사용 고객, sk브로드밴드 와이파이 공유기 사용 고객"
399,sk브로드밴드 와이파이 공유기 사용 고객
400,"sk 브로드밴드 장기고객, 와이파이 데이터 송신량 많은 고객, sk브로드밴드 와이파이 공유기 사용 고객"
401,"기가인터넷 사용 고객, 와이파이 데이터 송신량 많은 고객, sk브로드밴드 와이파이 공유기 사용 고객"
402,"와이파이 데이터 수신량이 많은 고객, 기가인터넷 사용 고객, sk 브로드밴드 장기고객"
404,"와이파이 데이터 수신량이 많은 고객, 기가인터넷 사용 고객, sk브로드밴드 와이파이 공유기 사용 고객"
405,기가인터넷 사용 고객
406,"기가인터넷 사용 고객, sk브로드밴드 와이파이 공유기 사용 고객"
407,재약정 이력이 있는 고객
408,sk브로드밴드 와이파이 공유기 사용 고객
409,"기가인터넷 사용 고객, 와이파이 데이터 수신량이 많은 고객, sk브로드밴드 와이파이 공유기 사용 고객"
410,"윙즈(와이파이 확장기)이용 고객, 와이파이 데이터 수신량이 많은 고객, 기가인터넷 사용 고객"
411,"기가인터넷 사용 고객, 와이파이 접속 기기 대수 많은 고객, sk브로드밴드 와이파이 공유기 사용 고객"
412,"재약정 이력이 있는 고객, 기가인터넷 사용 고객, 와이파이 접속 기기 대수 많은 고객"
413,"sk 브로드밴드 장기고객, 와이파이 데이터 수신량이 많은 고객, 기가인터넷 사용 고객"
414,"재약정 이력이 있는 고객, sk 브로드밴드 장기고객, 기가인터넷 사용 고객"
415,"와이파이 데이터 수신량이 많은 고객, 기가인터넷 사용 고객, sk브로드밴드 와이파이 공유기 사용 고객"
416,"와이파이 데이터 수신량이 많은 고객, sk 브로드밴드 장기고객, 기가인터넷 사용 고객"
417,"와이파이 데이터 송신량 많은 고객, 기가인터넷 사용 고객, sk브로드밴드 와이파이 공유기 사용 고객"
418,"윙즈(와이파이 확장기)이용 고객, 와이파이 데이터 수신량이 많은 고객, 기가인터넷 사용 고객"
419,"와이파이 데이터 송신량 많은 고객, sk브로드밴드 와이파이 공유기 사용 고객"
420,sk브로드밴드 와이파이 공유기 사용 고객
421,"기가인터넷 사용 고객, 와이파이 접속 기기 대수 많은 고객, sk브로드밴드 와이파이 공유기 사용 고객"
422,"기가인터넷 사용 고객, 와이파이 접속 기기 대수 많은 고객, sk브로드밴드 와이파이 공유기 사용 고객"
423,"sk 브로드밴드 장기고객, 기가인터넷 사용 고객, 와이파이 데이터 수신량이 많은 고객"
424,"와이파이 접속 기기 대수 많은 고객, 기가인터넷 사용 고객, sk브로드밴드 와이파이 공유기 사용 고객"
425,"와이파이 데이터 수신량이 많은 고객, 기가인터넷 사용 고객, sk브로드밴드 와이파이 공유기 사용 고객"
426,"sk 브로드밴드 장기고객, 와이파이 데이터 송신량 많은 고객, 기가인터넷 사용 고객"
427,"와이파이 데이터 수신량이 많은 고객, 기가인터넷 사용 고객, sk브로드밴드 와이파이 공유기 사용 고객"
428,"와이파이 접속 기기 대수 많은 고객, 기가인터넷 사용 고객, sk브로드밴드 와이파이 공유기 사용 고객"
429,"와이파이 데이터 수신량이 많은 고객, sk브로드밴드 와이파이 공유기 사용 고객"
430,"와이파이 데이터 송신량 많은 고객, 기가인터넷 사용 고객, sk브로드밴드 와이파이 공유기 사용 고객"
431,"와이파이 데이터 수신량이 많은 고객, 기가인터넷 사용 고객, sk브로드밴드 와이파이 공유기 사용 고객"
432,"재약정 이력이 있는 고객, 기가인터넷 사용 고객, 와이파이 데이터 수신량이 많은 고객"
433,"와이파이 데이터 수신량이 많은 고객, 기가인터넷 사용 고객, sk브로드밴드 와이파이 공유기 사용 고객"
434,"와이파이 데이터 수신량이 많은 고객, 기가인터넷 사용 고객, sk브로드밴드 와이파이 공유기 사용 고객"
435,"sk 브로드밴드 장기고객, 재약정 이력이 있는 고객"
436,"sk 브로드밴드 장기고객, 와이파이 접속 기기 대수 많은 고객, sk브로드밴드 와이파이 공유기 사용 고객"
437,"와이파이 접속 기기 대수 많은 고객, sk브로드밴드 와이파이 공유기 사용 고객"
438,"재약정 이력이 있는 고객, 와이파이 데이터 수신량이 많은 고객, 기가인터넷 사용 고객"
439,"와이파이 데이터 송신량 많은 고객, 기가인터넷 사용 고객, sk브로드밴드 와이파이 공유기 사용 고객"
440,"sk 브로드밴드 장기고객, 와이파이 데이터 송신량 많은 고객, 기가인터넷 사용 고객"
441,"와이파이 데이터 수신량이 많은 고객, 기가인터넷 사용 고객, sk브로드밴드 와이파이 공유기 사용 고객"
442,"윙즈(와이파이 확장기)이용 고객, 와이파이 데이터 수신량이 많은 고객, sk브로드밴드 와이파이 공유기 사용 고객"
443,"sk 브로드밴드 장기고객, 기가인터넷 사용 고객, 와이파이 접속 기기 대수 많은 고객"
444,"와이파이 데이터 송신량 많은 고객, sk 브로드밴드 장기고객, 기가인터넷 사용 고객"
445,"sk 브로드밴드 장기고객, 와이파이 데이터 수신량이 많은 고객, 기가인터넷 사용 고객"
446,"와이파이 접속 기기 대수 많은 고객, 기가인터넷 사용 고객, sk브로드밴드 와이파이 공유기 사용 고객"
447,"기가인터넷 사용 고객, sk브로드밴드 와이파이 공유기 사용 고객"
448,"기가인터넷 사용 고객, 와이파이 접속 기기 대수 많은 고객, sk브로드밴드 와이파이 공유기 사용 고객"
449,"와이파이 접속 기기 대수 많은 고객, 기가인터넷 사용 고객, sk브로드밴드 와이파이 공유기 사용 고객"
450,"기가인터넷 사용 고객, 와이파이 데이터 송신량 많은 고객, sk브로드밴드 와이파이 공유기 사용 고객"
451,"와이파이 데이터 수신량이 많은 고객, sk브로드밴드 와이파이 공유기 사용 고객"
452,재약정 이력이 있는 고객
453,"재약정 이력이 있는 고객, 기가인터넷 사용 고객, 와이파이 접속 기기 대수 많은 고객"
454,sk브로드밴드 와이파이 공유기 사용 고객
456,"기가인터넷 사용 고객, 와이파이 데이터 수신량이 많은 고객, sk브로드밴드 와이파이 공유기 사용 고객"
457,"기가인터넷 사용 고객, sk브로드밴드 와이파이 공유기 사용 고객"
458,"기가인터넷 사용 고객, sk브로드밴드 와이파이 공유기 사용 고객"
459,"와이파이 데이터 수신량이 많은 고객, 기가인터넷 사용 고객, sk브로드밴드 와이파이 공유기 사용 고객"
460,"와이파이 데이터 송신량 많은 고객, 기가인터넷 사용 고객, sk브로드밴드 와이파이 공유기 사용 고객"
461,"와이파이 데이터 수신량이 많은 고객, sk브로드밴드 와이파이 공유기 사용 고객"
462,sk브로드밴드 와이파이 공유기 사용 고객
464,sk브로드밴드 와이파이 공유기 사용 고객
465,"기가인터넷 사용 고객, 와이파이 접속 기기 대수 많은 고객, sk브로드밴드 와이파이 공유기 사용 고객"
466,"기가인터넷 사용 고객, 와이파이 데이터 송신량 많은 고객, sk브로드밴드 와이파이 공유기 사용 고객"
467,"sk 브로드밴드 장기고객, 와이파이 접속 기기 대수 많은 고객, 기가인터넷 사용 고객"
468,"와이파이 접속 기기 대수 많은 고객, sk브로드밴드 와이파이 공유기 사용 고객"
469,"기가인터넷 사용 고객, sk브로드밴드 와이파이 공유기 사용 고객"
470,"기가인터넷 사용 고객, 와이파이 접속 기기 대수 많은 고객, sk브로드밴드 와이파이 공유기 사용 고객"
471,"와이파이 데이터 수신량이 많은 고객, 기가인터넷 사용 고객, sk브로드밴드 와이파이 공유기 사용 고객"
472,"와이파이 접속 기기 대수 많은 고객, sk 브로드밴드 장기고객, 기가인터넷 사용 고객"
473,"와이파이 데이터 송신량 많은 고객, sk브로드밴드 와이파이 공유기 사용 고객"
474,sk브로드밴드 와이파이 공유기 사용 고객
475,"와이파이 데이터 수신량이 많은 고객, sk브로드밴드 와이파이 공유기 사용 고객"
476,"재약정 이력이 있는 고객, sk 브로드밴드 장기고객, 기가인터넷 사용 고객"
477,"기가인터넷 사용 고객, 와이파이 데이터 수신량이 많은 고객, sk브로드밴드 와이파이 공유기 사용 고객"
478,"와이파이 접속 기기 대수 많은 고객, sk브로드밴드 와이파이 공유기 사용 고객"
479,기가인터넷 사용 고객
480,"sk 브로드밴드 장기고객, 와이파이 데이터 송신량 많은 고객, 기가인터넷 사용 고객"
481,"와이파이 접속 기기 대수 많은 고객, 기가인터넷 사용 고객, sk브로드밴드 와이파이 공유기 사용 고객"
484,재약정 이력이 있는 고객
485,"와이파이 데이터 수신량이 많은 고객, 기가인터넷 사용 고객, sk 브로드밴드 장기고객"
486,"기가인터넷 사용 고객, 와이파이 접속 기기 대수 많은 고객, sk브로드밴드 와이파이 공유기 사용 고객"
487,"기가인터넷 사용 고객, 와이파이 접속 기기 대수 많은 고객, sk브로드밴드 와이파이 공유기 사용 고객"
488,"기가인터넷 사용 고객, sk브로드밴드 와이파이 공유기 사용 고객"
489,"재약정 이력이 있는 고객, 와이파이 데이터 수신량이 많은 고객, 기가인터넷 사용 고객"
492,"sk 브로드밴드 장기고객, 기가인터넷 사용 고객, 와이파이 접속 기기 대수 많은 고객"
493,"재약정 이력이 있는 고객, sk 브로드밴드 장기고객, 와이파이 데이터 송신량 많은 고객"
494,"재약정 이력이 있는 고객, 와이파이 접속 기기 대수 많은 고객, 기가인터넷 사용 고객"
495,"와이파이 접속 기기 대수 많은 고객, 기가인터넷 사용 고객, sk브로드밴드 와이파이 공유기 사용 고객"
496,"와이파이 데이터 송신량 많은 고객, sk 브로드밴드 장기고객, 기가인터넷 사용 고객"
498,"sk 브로드밴드 장기고객, 윙즈(와이파이 확장기)이용 고객, 기가인터넷 사용 고객"
499,"기가인터넷 사용 고객, sk브로드밴드 와이파이 공유기 사용 고객"
500,"기가인터넷 사용 고객, 와이파이 접속 기기 대수 많은 고객, sk브로드밴드 와이파이 공유기 사용 고객"
501,"재약정 이력이 있는 고객, sk 브로드밴드 장기고객"
502,"와이파이 접속 기기 대수 많은 고객, sk브로드밴드 와이파이 공유기 사용 고객"
503,"윙즈(와이파이 확장기)이용 고객, 와이파이 데이터 송신량 많은 고객, 기가인터넷 사용 고객"
504,"기가인터넷 사용 고객, sk브로드밴드 와이파이 공유기 사용 고객"
505,"기가인터넷 사용 고객, sk브로드밴드 와이파이 공유기 사용 고객"
506,"재약정 이력이 있는 고객, 와이파이 데이터 수신량이 많은 고객, 기가인터넷 사용 고객"
507,"와이파이 데이터 수신량이 많은 고객, sk브로드밴드 와이파이 공유기 사용 고객"
508,"와이파이 데이터 송신량 많은 고객, sk브로드밴드 와이파이 공유기 사용 고객"
509,"와이파이 데이터 송신량 많은 고객, 기가인터넷 사용 고객, sk브로드밴드 와이파이 공유기 사용 고객"
510,"와이파이 접속 기기 대수 많은 고객, sk브로드밴드 와이파이 공유기 사용 고객"
511,"기가인터넷 사용 고객, 와이파이 접속 기기 대수 많은 고객, sk브로드밴드 와이파이 공유기 사용 고객"
512,"sk 브로드밴드 장기고객, 기가인터넷 사용 고객, 와이파이 접속 기기 대수 많은 고객"
513,"기가인터넷 사용 고객, sk브로드밴드 와이파이 공유기 사용 고객"
514,"와이파이 데이터 수신량이 많은 고객, 기가인터넷 사용 고객, sk브로드밴드 와이파이 공유기 사용 고객"
515,"재약정 이력이 있는 고객, 와이파이 데이터 송신량 많은 고객, sk브로드밴드 와이파이 공유기 사용 고객"
516,"기가인터넷 사용 고객, 와이파이 데이터 수신량이 많은 고객, sk브로드밴드 와이파이 공유기 사용 고객"
517,"와이파이 데이터 송신량 많은 고객, sk 브로드밴드 장기고객, sk브로드밴드 와이파이 공유기 사용 고객"
518,"와이파이 데이터 수신량이 많은 고객, sk브로드밴드 와이파이 공유기 사용 고객"
519,"기가인터넷 사용 고객, sk브로드밴드 와이파이 공유기 사용 고객"
